structure, school_id, filename
PicCa,1125149,1393897419805.jpg
PicCa,132996,1393923074133.jpg
PicCa,133015,1393915615314.jpg
PicCa,133047,1393820044114.jpg
PicCa,133117,1393986918670.jpg
PicCa,133144,1393909096985.jpg
PicCa,133163,1393828506341.jpg
PicCa,133165,1393830772365.jpg
PicCa,133193,1393906045301.jpg
PicCa,133209,1393813663385.jpg
PicCa,133266,1393917384546.jpg
PicCa,133290,1394086090486.jpg
PicCa,133296,1394080224960.jpg
PicCa,133392,1393903104500.jpg
PicCa,133435,1394091074935.jpg
PicCa,133438,1394088482851.jpg
PicCa,133460,1393997743528.jpg
PicCa,133461,1393997100214.jpg
PicCa,133501,1393837273319.jpg
PicCa,133513,1394162697096.jpg
PicCa,133541,1394157639592.jpg
PicCa,133563,1393832621778.jpg
PicCa,133631,1393902755431.jpg
PicCa,133632,1393913398620.jpg
PicCa,133666,1394002030276.jpg
PicCa,133699,1393984106052.jpg
PicCa,133706,1393916744676.jpg
PicCa,133716,1393917076961.jpg
PicCa,133726,1393830755592.jpg
PicCa,133760,1394093542910.jpg
PicCa,133804,1393900347186.jpg
PicCa,133856,1394074232343.jpg
PicCa,133902,1393987284948.jpg
PicCa,133905,1393905184179.jpg
PicCa,133926,1393918971454.jpg
PicCa,133946,1393910961821.jpg
PicCa,133982,1393985451740.jpg
PicCa,133985,1393903554855.jpg
PicCa,133987,1394001460630.jpg
PicCa,134004,1393915995281.jpg
PicCa,134008,1393919020765.jpg
PicCa,134086,1393918057233.jpg
PicCa,134105,1393813712480.jpg
PicCa,134109,1393830699454.jpg
PicCa,134116,1393815426220.jpg
PicCa,134150,1393989287450.jpg
PicCa,134171,1393837266484.jpg
PicCa,134181,1393916170355.jpg
PicCa,134311,1393984605676.jpg
PicCa,134314,1393827136390.jpg
PicCa,134335,1393916026190.jpg
PicCa,134339,1393915622663.jpg
PicCa,134351,1394066326841.jpg
PicCa,134362,1393813036796.jpg
PicCa,134508,1393998186525.jpg
PicCa,134514,1393902657074.jpg
PicCa,134556,1394068946075.jpg
PicCa,134558,1394069417105.jpg
PicCa,134810,1393916410956.jpg
PicCa,134819,1393915392335.jpg
PicCa,134823,1394005088137.jpg
PicCa,134830,1393919349529.jpg
PicCa,134864,1394072427261.jpg
PicCa,134871,1393989863300.jpg
PicCa,134879,1393985521156.jpg
PicCa,134897,1393947274499.jpg
PicCa,215538,1393987814883.jpg
PicCa,215540,1394084884485.jpg
PicCa,215569,1393815012279.jpg
PicCa,215570,1393900807187.jpg
PicCa,216045,1394093268090.jpg
PicCa,216530,1394004302820.jpg
PicCa,216531,1393905843113.jpg
PicCa,216534,1393915266605.jpg
PicCa,216614,1393909596276.jpg
PicCa,217061,1393913675917.jpg
PicCa,253010,1393812915900.jpg
PicCa,262501,1393917746643.jpg
PicCa,304936,1393901079014.jpg
PicCa,304943,1393827448061.jpg
PicCa,304958,1394073874229.jpg
PicCa,304970,1393918684956.jpg
PicCa,304975,1393996036222.jpg
PicCa,304976,1394004302820.jpg
PicCa,304987,1394094591995.jpg
PicCa,304994,1393900765185.jpg
PicCa,305009,1393914506439.jpg
PicCa,305017,1394086996206.jpg
PicCa,305027,1393817019916.jpg
PicCa,305028,1393914966479.jpg
PicCa,305029,1393899913883.jpg
PicCa,305045,1393918352375.jpg
PicCa,305046,1393997247504.jpg
PicCa,305051,1393915310604.jpg
PicCa,318114,1394074697823.jpg
PicCa,318221,1394162633504.jpg
PicCa,318231,1393903515863.jpg
PicCa,318240,1394085071412.jpg
PicCa,318303,1393902012530.jpg
PicCa,324602,1393987507196.jpg
PicCa,324721,1394095462292.jpg
PicCa,324728,1394086834084.jpg
PicCb,1125149,1393897449003.jpg
PicCb,133015,1393915637147.jpg
PicCb,133047,1393820066308.jpg
PicCb,133117,1393986940989.jpg
PicCb,133144,1393909115465.jpg
PicCb,133163,1393828525219.jpg
PicCb,133165,1393830802120.jpg
PicCb,133193,1393906076985.jpg
PicCb,133209,1393813684140.jpg
PicCb,133266,1393917403069.jpg
PicCb,133290,1394086123363.jpg
PicCb,133296,1394080255146.jpg
PicCb,133392,1393903128260.jpg
PicCb,133435,1394091295531.jpg
PicCb,133438,1394088589345.jpg
PicCb,133460,1393997768429.jpg
PicCb,133461,1393997116219.jpg
PicCb,133501,1393837289044.jpg
PicCb,133513,1394162763002.jpg
PicCb,133541,1394157933752.jpg
PicCb,133563,1393832637609.jpg
PicCb,133631,1393902769232.jpg
PicCb,133632,1393913415150.jpg
PicCb,133699,1393984152037.jpg
PicCb,133706,1393916759202.jpg
PicCb,133716,1393917101352.jpg
PicCb,133726,1393830880668.jpg
PicCb,133760,1394093575802.jpg
PicCb,133804,1393900372839.jpg
PicCb,133856,1394074289500.jpg
PicCb,133902,1393987312663.jpg
PicCb,133905,1393905853512.jpg
PicCb,133926,1393918985001.jpg
PicCb,133946,1393911015719.jpg
PicCb,133982,1393985667241.jpg
PicCb,133985,1393903586587.jpg
PicCb,133987,1394001491714.jpg
PicCb,134004,1393916020767.jpg
PicCb,134008,1393919031429.jpg
PicCb,134086,1393918076419.jpg
PicCb,134105,1393813854421.jpg
PicCb,134109,1393830755036.jpg
PicCb,134116,1393815450775.jpg
PicCb,134150,1393989349345.jpg
PicCb,134171,1393837281245.jpg
PicCb,134181,1393916190959.jpg
PicCb,134311,1393984644686.jpg
PicCb,134314,1393827156923.jpg
PicCb,134335,1393916068842.jpg
PicCb,134339,1393915659567.jpg
PicCb,134351,1394066346531.jpg
PicCb,134495,1394007154221.jpg
PicCb,134508,1393998207879.jpg
PicCb,134514,1393902671310.jpg
PicCb,134556,1394068916870.jpg
PicCb,134558,1394069450805.jpg
PicCb,134747,1393836547762.jpg
PicCb,134810,1393916431826.jpg
PicCb,134819,1393915436881.jpg
PicCb,134823,1394005114996.jpg
PicCb,134864,1394072454647.jpg
PicCb,134871,1393989892578.jpg
PicCb,134879,1393985554114.jpg
PicCb,134897,1393947317176.jpg
PicCb,215538,1393987841035.jpg
PicCb,215540,1394084909395.jpg
PicCb,215569,1393815035498.jpg
PicCb,215570,1393900827358.jpg
PicCb,216045,1394093355964.jpg
PicCb,216530,1394004368070.jpg
PicCb,216531,1393905853473.jpg
PicCb,216534,1393915287000.jpg
PicCb,216614,1393909663819.jpg
PicCb,217061,1393913699560.jpg
PicCb,253010,1393812867946.jpg
PicCb,262501,1393917760874.jpg
PicCb,304936,1393901101152.jpg
PicCb,304943,1393827471772.jpg
PicCb,304958,1394073909908.jpg
PicCb,304970,1393918701392.jpg
PicCb,304975,1393996052977.jpg
PicCb,304976,1394004368070.jpg
PicCb,304987,1394094693956.jpg
PicCb,304994,1393900783808.jpg
PicCb,305009,1393914522029.jpg
PicCb,305017,1394087025976.jpg
PicCb,305027,1393817039561.jpg
PicCb,305028,1393914984113.jpg
PicCb,305029,1393899941371.jpg
PicCb,305045,1393918367080.jpg
PicCb,305046,1393997267882.jpg
PicCb,305051,1393915344440.jpg
PicCb,318114,1394074727460.jpg
PicCb,318221,1394162839903.jpg
PicCb,318231,1393903549299.jpg
PicCb,318240,1394085095374.jpg
PicCb,318303,1393902036583.jpg
PicCb,324602,1393987790985.jpg
PicCb,324721,1394095509296.jpg
PicInt,1125149,1393897277244.jpg
PicInt,132996,1393922984420.jpg
PicInt,133015,1393915544938.jpg
PicInt,133047,1393819957362.jpg
PicInt,133117,1393986835160.jpg
PicInt,133144,1393908951027.jpg
PicInt,133163,1393828396867.jpg
PicInt,133165,1393830511085.jpg
PicInt,133193,1393905893568.jpg
PicInt,133209,1393813530661.jpg
PicInt,133233,1394076353944.jpg
PicInt,133266,1393917322235.jpg
PicInt,133290,1394085585727.jpg
PicInt,133296,1394079787450.jpg
PicInt,133392,1393902993251.jpg
PicInt,133435,1394090745505.jpg
PicInt,133438,1394088187949.jpg
PicInt,133460,1393997609134.jpg
PicInt,133461,1393996940697.jpg
PicInt,133501,1393837131058.jpg
PicInt,133513,1394162599642.jpg
PicInt,133541,1394156756295.jpg
PicInt,133563,1393832539407.jpg
PicInt,133612,1393992579521.jpg
PicInt,133631,1393902692198.jpg
PicInt,133632,1393913189747.jpg
PicInt,133699,1393984004115.jpg
PicInt,133706,1393916665658.jpg
PicInt,133716,1393917002065.jpg
PicInt,133726,1393830373813.jpg
PicInt,133760,1394093405685.jpg
PicInt,133804,1393900241868.jpg
PicInt,133856,1394074098954.jpg
PicInt,133902,1393987145873.jpg
PicInt,133905,1393904683418.jpg
PicInt,133926,1393918892869.jpg
PicInt,133946,1393904336537.jpg
PicInt,133982,1393985193107.jpg
PicInt,133985,1393903230652.jpg
PicInt,133987,1394001183750.jpg
PicInt,134004,1393915907635.jpg
PicInt,134008,1393918664554.jpg
PicInt,134086,1393917986395.jpg
PicInt,134105,1393812682540.jpg
PicInt,134109,1393830945495.jpg
PicInt,134116,1393815265568.jpg
PicInt,134150,1393989069841.jpg
PicInt,134171,1393837191039.jpg
PicInt,134181,1393916015080.jpg
PicInt,134229,1393812715372.jpg
PicInt,134311,1393984279242.jpg
PicInt,134314,1393848411782.jpg
PicInt,134335,1393915877121.jpg
PicInt,134339,1393915541202.jpg
PicInt,134351,1394066246731.jpg
PicInt,134362,1393812791123.jpg
PicInt,134495,1394006867333.jpg
PicInt,134508,1393998052762.jpg
PicInt,134514,1393902559710.jpg
PicInt,134556,1394068837647.jpg
PicInt,134558,1394069306746.jpg
PicInt,134747,1393836166831.jpg
PicInt,134810,1393916346112.jpg
PicInt,134819,1393915115299.jpg
PicInt,134823,1394004940746.jpg
PicInt,134830,1393919283025.jpg
PicInt,134837,1394009301553.jpg
PicInt,134864,1394072352985.jpg
PicInt,134871,1393989716107.jpg
PicInt,134887,1393926216265.jpg
PicInt,134897,1393947187539.jpg
PicInt,215538,1393987995144.jpg
PicInt,215540,1394084317281.jpg
PicInt,215569,1393814927039.jpg
PicInt,215570,1393900731527.jpg
PicInt,216045,1394092836933.jpg
PicInt,216530,1394004155234.jpg
PicInt,216531,1393905715722.jpg
PicInt,216534,1393915208242.jpg
PicInt,216614,1393906538375.jpg
PicInt,216666,1393836648572.jpg
PicInt,217061,1393913579022.jpg
PicInt,253010,1393812506431.jpg
PicInt,254509,1393986256590.jpg
PicInt,254512,1394077259799.jpg
PicInt,262501,1393917688642.jpg
PicInt,304936,1393901004356.jpg
PicInt,304943,1393827311538.jpg
PicInt,304958,1394073666706.jpg
PicInt,304970,1393918625142.jpg
PicInt,304975,1393995949126.jpg
PicInt,304976,1394004155234.jpg
PicInt,304987,1394094297357.jpg
PicInt,304994,1393900668526.jpg
PicInt,305009,1393914403930.jpg
PicInt,305017,1394086899758.jpg
PicInt,305027,1393847947011.jpg
PicInt,305028,1393914854082.jpg
PicInt,305029,1393899804645.jpg
PicInt,305045,1393918277722.jpg
PicInt,305046,1393997124906.jpg
PicInt,305051,1393914820631.jpg
PicInt,318114,1394074613365.jpg
PicInt,318221,1394162392829.jpg
PicInt,318231,1393903365579.jpg
PicInt,318240,1394084997644.jpg
PicInt,324602,1393986819609.jpg
PicInt,324707,1393914717572.jpg
PicInt,324721,1394095280671.jpg
PicInt,324728,1394086620872.jpg
PicMain,132996,1393994411991.jpg
PicMain,133015,1393981408150.jpg
PicMain,133047,1393912252983.jpg
PicMain,133117,1394068599880.jpg
PicMain,133127,1394079559938.jpg
PicMain,133144,1393910461604.jpg
PicMain,133163,1393817115285.jpg
PicMain,133165,1393828349406.jpg
PicMain,133193,1393910770096.jpg
PicMain,133209,1393808762863.jpg
PicMain,133233,1394343884504.jpg
PicMain,133266,1393982874895.jpg
PicMain,133290,1394434195852.jpg
PicMain,133296,1394420552534.jpg
PicMain,133313,1394001556855.jpg
PicMain,133364,1394939888976.jpg
PicMain,133392,1393909559105.jpg
PicMain,133435,1394504029908.jpg
PicMain,133438,1394501270498.jpg
PicMain,133452,1394935973905.jpg
PicMain,133460,1394081926025.jpg
PicMain,133461,1394082829091.jpg
PicMain,133501,1393834535759.jpg
PicMain,133513,1394686917974.jpg
PicMain,133524,1394691211545.jpg
PicMain,133541,1394670162509.jpg
PicMain,133542,1394674346799.jpg
PicMain,133561,1393831194895.jpg
PicMain,133563,1393830295035.jpg
PicMain,133564,1393998267025.jpg
PicMain,133612,1394073716376.jpg
PicMain,133631,1393903240438.jpg
PicMain,133632,1393912335235.jpg
PicMain,133666,1394088869692.jpg
PicMain,133671,1394089832774.jpg
PicMain,133677,1394688772065.jpg
PicMain,133691,1393994788044.jpg
PicMain,133699,1394000514066.jpg
PicMain,133706,1393982494278.jpg
PicMain,133716,1393982609327.jpg
PicMain,133726,1393826066203.jpg
PicMain,133728,1393813342902.jpg
PicMain,133760,1394525100761.jpg
PicMain,133787,1394419158838.jpg
PicMain,133804,1393894523537.jpg
PicMain,133856,1394330139025.jpg
PicMain,133902,1394069463919.jpg
PicMain,133905,1393901374282.jpg
PicMain,133926,1393992100816.jpg
PicMain,133946,1393898192120.jpg
PicMain,133982,1394001687066.jpg
PicMain,133985,1393948175498.jpg
PicMain,133987,1394088467389.jpg
PicMain,134004,1393982818004.jpg
PicMain,134008,1393995222122.jpg
PicMain,134086,1393988175495.jpg
PicMain,134088,1393807728775.jpg
PicMain,134105,1393818463536.jpg
PicMain,134109,1393823162799.jpg
PicMain,134116,1393815411997.jpg
PicMain,134136,1393996708107.jpg
PicMain,134150,1394075425311.jpg
PicMain,134155,1394063849263.jpg
PicMain,134171,1393834209856.jpg
PicMain,134181,1393982169772.jpg
PicMain,134182,1393985910893.jpg
PicMain,134229,1393808399528.jpg
PicMain,134304,1394074852242.jpg
PicMain,134311,1393998748353.jpg
PicMain,134314,1393821329960.jpg
PicMain,134335,1393981279442.jpg
PicMain,134339,1393979224929.jpg
PicMain,134351,1394173408468.jpg
PicMain,134362,1393807143153.jpg
PicMain,134495,1394150508992.jpg
PicMain,134508,1394085852268.jpg
PicMain,134514,1393903076045.jpg
PicMain,134553,1393998107158.jpg
PicMain,134556,1394161078123.jpg
PicMain,134558,1394178501076.jpg
PicMain,134644,1393822916839.jpg
PicMain,134908,1394330272489.jpg
PicMain,134963,1394091282672.jpg
PicMain,215538,1394075178632.jpg
PicMain,215540,1394429047291.jpg
PicMain,215569,1393812001789.jpg
PicMain,215570,1393897599908.jpg
PicMain,216045,1394506125983.jpg
PicMain,216530,1394063534150.jpg
PicMain,216531,1393910214599.jpg
PicMain,216534,1393978292862.jpg
PicMain,216614,1393910728213.jpg
PicMain,216664,1394075429587.jpg
PicMain,216666,1393890579423.jpg
PicMain,217048,1394159598391.jpg
PicMain,217061,1393912841665.jpg
PicMain,217062,1393899048991.jpg
PicMain,253010,1393807145322.jpg
PicMain,254512,1394420027294.jpg
PicMain,262501,1393985269350.jpg
PicMain,304935,1393892737223.jpg
PicMain,304936,1393899384830.jpg
PicMain,304958,1394329853035.jpg
PicMain,304970,1393991142047.jpg
PicMain,304975,1394080792874.jpg
PicMain,304976,1394090381223.jpg
PicMain,304986,1395112797654.jpg
PicMain,304987,1394528840737.jpg
PicMain,304994,1393894796207.jpg
PicMain,305009,1393919197792.jpg
PicMain,305017,1393829789621.jpg
PicMain,305027,1393842241725.jpg
PicMain,305028,1393979172063.jpg
PicMain,305029,1393894023106.jpg
PicMain,305045,1393988914660.jpg
PicMain,305046,1394085614817.jpg
PicMain,318114,1394334523214.jpg
PicMain,318123,1394933736315.jpg
PicMain,318202,1394001278639.jpg
PicMain,318221,1394679979846.jpg
PicMain,318222,1394075665985.jpg
PicMain,318231,1393909110138.jpg
PicMain,318240,1394433576481.jpg
PicMain,318246,1394592887354.jpg
PicMain,318303,1393900845143.jpg
PicMain,324602,1394068308007.jpg
PicMain,324707,1393916465143.jpg
PicMain,324713,1394426774850.jpg
PicMain,324721,1394581669362.jpg
PicMain,324728,1394498724573.jpg
PicRep,1125149,1393897357165.jpg
PicRep,133015,1393915561178.jpg
PicRep,133047,1393819990323.jpg
PicRep,133117,1393986857666.jpg
PicRep,133144,1393908991818.jpg
PicRep,133163,1393828436685.jpg
PicRep,133193,1393905939972.jpg
PicRep,133209,1393813561692.jpg
PicRep,133233,1394076557701.jpg
PicRep,133266,1393917342237.jpg
PicRep,133290,1394085641357.jpg
PicRep,133296,1394079877352.jpg
PicRep,133392,1393903038996.jpg
PicRep,133435,1394090836851.jpg
PicRep,133438,1394088557975.jpg
PicRep,133460,1393997803073.jpg
PicRep,133461,1393996999665.jpg
PicRep,133501,1393837174660.jpg
PicRep,133541,1394157084846.jpg
PicRep,133563,1393832568814.jpg
PicRep,133612,1393992613907.jpg
PicRep,133631,1393902716353.jpg
PicRep,133632,1393913310417.jpg
PicRep,133699,1393984022687.jpg
PicRep,133706,1393916702844.jpg
PicRep,133716,1393917033159.jpg
PicRep,133726,1393830630481.jpg
PicRep,133760,1394093492660.jpg
PicRep,133804,1393900271050.jpg
PicRep,133856,1394074144705.jpg
PicRep,133902,1393987205479.jpg
PicRep,133905,1393904964873.jpg
PicRep,133926,1393918913198.jpg
PicRep,133946,1393904356221.jpg
PicRep,133982,1393985406913.jpg
PicRep,133985,1393903355860.jpg
PicRep,133987,1394001395841.jpg
PicRep,134004,1393915941698.jpg
PicRep,134008,1393918735933.jpg
PicRep,134086,1393918007924.jpg
PicRep,134105,1393812784655.jpg
PicRep,134109,1393830557657.jpg
PicRep,134116,1393815301615.jpg
PicRep,134150,1393989140713.jpg
PicRep,134171,1393837210215.jpg
PicRep,134181,1393916084495.jpg
PicRep,134182,1393919101112.jpg
PicRep,134229,1393812757207.jpg
PicRep,134311,1393984423742.jpg
PicRep,134314,1393827068528.jpg
PicRep,134335,1393915971311.jpg
PicRep,134351,1394066267694.jpg
PicRep,134495,1394006989465.jpg
PicRep,134514,1393902588191.jpg
PicRep,134556,1394068884377.jpg
PicRep,134558,1394069356075.jpg
PicRep,134810,1393916371142.jpg
PicRep,134819,1393915145303.jpg
PicRep,134823,1394005200881.jpg
PicRep,134830,1393919298010.jpg
PicRep,134837,1394009402209.jpg
PicRep,134864,1394072378490.jpg
PicRep,134871,1393989750809.jpg
PicRep,134879,1393985234244.jpg
PicRep,134887,1393926256615.jpg
PicRep,134897,1393947212453.jpg
PicRep,215538,1393987732522.jpg
PicRep,215540,1394084588090.jpg
PicRep,215569,1393814953019.jpg
PicRep,215570,1393900754739.jpg
PicRep,216045,1394092898783.jpg
PicRep,216531,1393905759365.jpg
PicRep,216534,1393915229291.jpg
PicRep,216614,1393906628308.jpg
PicRep,216666,1393836721918.jpg
PicRep,217061,1393913601461.jpg
PicRep,253010,1393812556283.jpg
PicRep,254509,1393986276303.jpg
PicRep,254512,1394077288039.jpg
PicRep,262501,1393917708302.jpg
PicRep,304936,1393901026706.jpg
PicRep,304943,1393827374614.jpg
PicRep,304958,1394073711176.jpg
PicRep,304970,1393918641896.jpg
PicRep,304975,1393995966333.jpg
PicRep,304976,1394004199849.jpg
PicRep,304987,1394094376578.jpg
PicRep,304994,1393900690269.jpg
PicRep,305009,1393914444350.jpg
PicRep,305017,1394086945855.jpg
PicRep,305027,1393848147586.jpg
PicRep,305028,1393914879750.jpg
PicRep,305029,1393899838390.jpg
PicRep,305045,1393918297572.jpg
PicRep,305046,1393997209627.jpg
PicRep,305051,1393915201342.jpg
PicRep,318114,1394074657863.jpg
PicRep,318221,1394162418484.jpg
PicRep,318231,1393903422702.jpg
PicRep,318240,1394085022665.jpg
PicRep,324602,1393987344533.jpg
PicRep,324721,1394095301293.jpg
PicRep,324728,1394086672635.jpg
PicRm,1125149,1393897232424.jpg
PicRm,132996,1393922937142.jpg
PicRm,133015,1393915507123.jpg
PicRm,133047,1393819929684.jpg
PicRm,133117,1393986808559.jpg
PicRm,133144,1393908926753.jpg
PicRm,133163,1393828369657.jpg
PicRm,133165,1393830477265.jpg
PicRm,133193,1393905876165.jpg
PicRm,133209,1393813497198.jpg
PicRm,133233,1394075988313.jpg
PicRm,133266,1393917302363.jpg
PicRm,133290,1394085559292.jpg
PicRm,133296,1394079668167.jpg
PicRm,133392,1393902959574.jpg
PicRm,133435,1394090601076.jpg
PicRm,133438,1394088168776.jpg
PicRm,133460,1393997558378.jpg
PicRm,133461,1393996905849.jpg
PicRm,133501,1393837078417.jpg
PicRm,133513,1394162544844.jpg
PicRm,133541,1394156498033.jpg
PicRm,133563,1393832517066.jpg
PicRm,133612,1393992543893.jpg
PicRm,133631,1393902668308.jpg
PicRm,133632,1393913246674.jpg
PicRm,133699,1393983941162.jpg
PicRm,133706,1393916644069.jpg
PicRm,133716,1393916978209.jpg
PicRm,133726,1393830276195.jpg
PicRm,133760,1394093264773.jpg
PicRm,133804,1393900216987.jpg
PicRm,133856,1394074073839.jpg
PicRm,133902,1393987120891.jpg
PicRm,133905,1393904626145.jpg
PicRm,133926,1393918876232.jpg
PicRm,133946,1393904303831.jpg
PicRm,133982,1393985170671.jpg
PicRm,133985,1393903169188.jpg
PicRm,133987,1394001089667.jpg
PicRm,134004,1393915882075.jpg
PicRm,134008,1393918715949.jpg
PicRm,134086,1393917964013.jpg
PicRm,134105,1393812656399.jpg
PicRm,134109,1393830920622.jpg
PicRm,134116,1393815235572.jpg
PicRm,134150,1393989049101.jpg
PicRm,134171,1393837169650.jpg
PicRm,134181,1393915955191.jpg
PicRm,134182,1393919014659.jpg
PicRm,134229,1393812627665.jpg
PicRm,134311,1393984229161.jpg
PicRm,134314,1393826954697.jpg
PicRm,134333,1393826585794.jpg
PicRm,134335,1393915812847.jpg
PicRm,134339,1393915506962.jpg
PicRm,134351,1394066227135.jpg
PicRm,134362,1393812431097.jpg
PicRm,134495,1394006741321.jpg
PicRm,134508,1393998027190.jpg
PicRm,134514,1393902529702.jpg
PicRm,134553,1393983669058.jpg
PicRm,134556,1394068820062.jpg
PicRm,134558,1394069286217.jpg
PicRm,134747,1393836094611.jpg
PicRm,134810,1393916302491.jpg
PicRm,134819,1393915077461.jpg
PicRm,134823,1394004902779.jpg
PicRm,134830,1393919262042.jpg
PicRm,134837,1394009198927.jpg
PicRm,134864,1394072322940.jpg
PicRm,134871,1393989685389.jpg
PicRm,134879,1393984989133.jpg
PicRm,134887,1393926187502.jpg
PicRm,134897,1393947146308.jpg
PicRm,215538,1393987646666.jpg
PicRm,215540,1394084016144.jpg
PicRm,215569,1393814901979.jpg
PicRm,215570,1393900705548.jpg
PicRm,216045,1394092800678.jpg
PicRm,216530,1394004110381.jpg
PicRm,216531,1393905692051.jpg
PicRm,216534,1393915181503.jpg
PicRm,216614,1393906517047.jpg
PicRm,216666,1393836572853.jpg
PicRm,217061,1393913561521.jpg
PicRm,253010,1393812693832.jpg
PicRm,254509,1393986230465.jpg
PicRm,254512,1394077233954.jpg
PicRm,262501,1393917659476.jpg
PicRm,304936,1393900982353.jpg
PicRm,304943,1393827278573.jpg
PicRm,304958,1394073629154.jpg
PicRm,304970,1393918608304.jpg
PicRm,304975,1393995907400.jpg
PicRm,304976,1394004110381.jpg
PicRm,304987,1394094217414.jpg
PicRm,304994,1393900639820.jpg
PicRm,305009,1393914375520.jpg
PicRm,305017,1393836318309.jpg
PicRm,305027,1393848020949.jpg
PicRm,305028,1393914808954.jpg
PicRm,305029,1393899770672.jpg
PicRm,305045,1393918263030.jpg
PicRm,305046,1393997106744.jpg
PicRm,305051,1393914714091.jpg
PicRm,318114,1394074582302.jpg
PicRm,318221,1394162345905.jpg
PicRm,318231,1393903317272.jpg
PicRm,318240,1394084975473.jpg
PicRm,318303,1393901291513.jpg
PicRm,324602,1393986737851.jpg
PicRm,324707,1393914691046.jpg
PicRm,324721,1394095259557.jpg
PicRm,324728,1394086575806.jpg

